{
  "accuracy": [
    0.87139493227005,
    0.9375,
    0.9555621147155762,
    0.90625,
    0.967628002166748,
    0.96875,
    0.9791053533554077,
    1.0
  ],
  "val_accuracy": [
    0.9711538553237915,
    0.9699519276618958,
    0.9867788553237915,
    0.9867788553237915,
    0.9771634340286255,
    0.9771634340286255,
    0.9831730723381042,
    0.9831730723381042
  ],
  "loss": [
    0.476392924785614,
    0.3422221839427948,
    0.15794885158538818,
    0.2818014323711395,
    0.10522335767745972,
    0.11811389029026031,
    0.0843794122338295,
    0.03184247016906738
  ],
  "val_loss": [
    0.11137961596250534,
    0.10872054845094681,
    0.06291718035936356,
    0.061728958040475845,
    0.06936118006706238,
    0.0707169845700264,
    0.07115156203508377,
    0.06950892508029938
  ]
}